-- Auto-generated from courses.json at 2025-12-15 20:27:51
-- Safe to run multiple times (uses ON DUPLICATE KEY UPDATE)

-- 1) course_categories
INSERT INTO course_categories (type_code, type_name, credit_requirement) VALUES
('01', '公共基础必修课程', 0.00),
('02', '通识教育选修课程', 0.00),
('03', '大类必修课程', 0.00),
('04', '专业必修课程', 0.00),
('05', '专业选修课程', 0.00),
('06', '个性课程', 0.00),
('07', '集中性实践教学环节', 0.00),
('08', '课外必修课程', 0.00)
ON DUPLICATE KEY UPDATE type_name=VALUES(type_name), credit_requirement=VALUES(credit_requirement);

-- 2) teacher (existing + added)
INSERT INTO teacher (teacher_id, name, title, email, password) VALUES
('T001', '陈教授', '教授', 'chen@university.edu', '123456'),
('T002', '刘副教授', '副教授', 'liu@university.edu', '123456'),
('T003', '赵讲师', '讲师', 'zhao@university.edu', '123456'),
('T004', '孙老师', '讲师', 'sun@university.edu', '123456'),
('T005', '周老师', '副教授', 'zhou@university.edu', '123456'),
('T006', '吴老师', '教授', 'wu@university.edu', '123456')
ON DUPLICATE KEY UPDATE name=VALUES(name), title=VALUES(title), email=VALUES(email), password=VALUES(password);

-- 3) course
-- max_students default: 180
-- teacher_id temporary: T001 (will be re-assigned by UPDATE below)
INSERT INTO course (course_id, course_name, credit, max_students, teacher_id, type_code) VALUES
('4220001210', '思想道德与法治', 2.5, 180, 'T001', '01'),
('4220002180', '中国近现代史纲要', 2.5, 180, 'T001', '01'),
('4220003180', '毛泽东思想和中国特色社会主义理论体系概论', 4.5, 180, 'T001', '01'),
('4220005180', '马克思主义基本原理', 2.5, 180, 'T001', '01'),
('4030001210', '大学英语1', 2.0, 180, 'T001', '01'),
('4030002210', '大学英语2', 2.0, 180, 'T001', '01'),
('4030003210', '大学英语3', 2.0, 180, 'T001', '01'),
('4030004210', '大学英语4', 2.0, 180, 'T001', '01'),
('4210001170', '体育1', 1.0, 180, 'T001', '01'),
('4210002170', '体育2', 1.0, 180, 'T001', '01'),
('4210003170', '体育3', 1.0, 180, 'T001', '01'),
('4210004170', '体育4', 1.0, 180, 'T001', '01'),
('1050001210', '军事技能训练', 2.0, 180, 'T001', '01'),
('1050002210', '军事理论', 2.0, 180, 'T001', '01'),
('4050001210', '高等数学A上', 4.5, 180, 'T001', '03'),
('4050002210', '高等数学A下', 5.5, 180, 'T001', '03'),
('4050229110', '线性代数', 2.5, 180, 'T001', '03'),
('4050058110', '概率论与数理统计B', 3.0, 180, 'T001', '03'),
('4050463130', '大学物理B', 5.0, 180, 'T001', '03'),
('4120347170', '计算机科学导论', 2.0, 180, 'T001', '03'),
('4120348170', '高级语言程序设计', 3.5, 180, 'T001', '03'),
('4120014210', '程序设计综合实验', 1.0, 180, 'T001', '03'),
('4120012210', '面向对象程序设计', 2.5, 180, 'T001', '03'),
('4120349170', '离散结构', 3.5, 180, 'T001', '03'),
('4120079110', '数字逻辑', 3.0, 180, 'T001', '04'),
('4120021210', '计算机组成与系统结构', 4.5, 180, 'T001', '04'),
('4120002220', '数据结构', 4.0, 180, 'T001', '04'),
('4120265140', '数据结构与算法综合实验', 1.0, 180, 'T001', '04'),
('4120435170', '算法设计与分析', 2.0, 180, 'T001', '04'),
('4120430170', '计算机数值分析', 2.5, 180, 'T001', '04'),
('4120331150', '编译原理', 3.5, 180, 'T001', '04'),
('4120016210', '操作系统', 3.5, 180, 'T001', '04'),
('4120077110', '数据库系统原理', 3.5, 180, 'T001', '04'),
('4120270140', '数据库系统综合实验', 1.0, 180, 'T001', '04'),
('4120027210', '计算机网络', 2.5, 180, 'T001', '04'),
('4120271140', '计算机网络综合实验', 1.0, 180, 'T001', '04'),
('4120425170', 'Java语言程序设计', 2.5, 180, 'T001', '05'),
('4120263140', '面向对象与多线程综合实验', 1.0, 180, 'T001', '05'),
('4120052210', '汇编语言程序设计', 2.5, 180, 'T001', '05'),
('4120039210', '计算机系统基础', 3.0, 180, 'T001', '05'),
('4120354170', 'UML建模技术', 2.0, 180, 'T001', '05'),
('4120019110', '分析软件工具', 2.0, 180, 'T001', '05'),
('4120040210', '软件工程', 2.5, 180, 'T001', '05'),
('4120103110', '信息系统分析与设计', 2.0, 180, 'T001', '05'),
('4120041210', 'Web应用开发', 2.0, 180, 'T001', '05'),
('4120042210', '移动终端应用开发', 2.0, 180, 'T001', '05'),
('4120058110', '软件测试', 2.0, 180, 'T001', '05'),
('4120043210', 'Python程序设计', 2.0, 180, 'T001', '05'),
('4120055110', '人工智能概论', 2.0, 180, 'T001', '05'),
('4120445190', '网络、群体与市场', 2.0, 180, 'T001', '05'),
('4120044210', '机器学习与数据挖掘', 3.0, 180, 'T001', '05'),
('4120083110', '云计算与服务计算', 2.0, 180, 'T001', '05'),
('4120356170', '计算机图形学', 2.0, 180, 'T001', '05'),
('4120046210', '智能计算系统', 2.0, 180, 'T001', '05'),
('4120201130', '机器人控制技术概论', 2.0, 180, 'T001', '05'),
('4120065210', '计算机视觉', 2.0, 180, 'T001', '05'),
('4120059210', '通信原理', 2.5, 180, 'T001', '05'),
('4120102110', '信息安全', 2.0, 180, 'T001', '05'),
('4120047210', '密码学', 2.0, 180, 'T001', '05'),
('4120321140', '无线传感器网络', 2.0, 180, 'T001', '05'),
('4120048210', 'Linux技术', 2.0, 180, 'T001', '05'),
('4120019210', '嵌入式系统应用', 2.5, 180, 'T001', '05'),
('4120050210', 'TCP/IP和网络软件编程', 2.5, 180, 'T001', '05'),
('4120051210', '网络安全技术', 2.0, 180, 'T001', '05'),
('4120393170', '逻辑与计算机设计基础实验', 1.0, 180, 'T001', '06'),
('4120075210', '计算机硬件系统综合设计实验', 1.0, 180, 'T001', '06'),
('4120416180', '大数据分析技术', 2.0, 180, 'T001', '06'),
('4120237120', '计算机科学与经济学', 2.0, 180, 'T001', '06'),
('4120026190', '材料大数据及应用', 2.0, 180, 'T001', '06'),
('4120098210', '交通大数据及应用', 2.0, 180, 'T001', '06'),
('4120099210', '航运与港口大数据及应用', 2.0, 180, 'T001', '06'),
('4120095210', '生物信息学', 2.0, 180, 'T001', '06'),
('4120361170', '专业教育与创新创业', 1.0, 180, 'T001', '07'),
('4120363170', '创新创业指导', 2.0, 180, 'T001', '07'),
('4120102210', '计算机学科前沿讲座', 1.0, 180, 'T001', '07'),
('4120126110', '计算机组成原理课程设计', 1.0, 180, 'T001', '07'),
('4120116110', '编译原理课程设计', 1.0, 180, 'T001', '07'),
('4120117110', '操作系统课程设计', 1.0, 180, 'T001', '07'),
('4120362170', '计算机系统能力实训', 4.0, 180, 'T001', '07'),
('4120203130', '计算机软件综合开发实训', 3.0, 180, 'T001', '07'),
('4120121210', '毕业实习', 3.0, 180, 'T001', '07'),
('4120116210', '毕业设计', 8.5, 180, 'T001', '07'),
('9000000001', '智能芯片原理与应用', 2.0, 180, 'T001', '05'),
('4120404170', '计算机专业认知实习', 1.0, 180, 'T001', '07'),
('4120365170', '软件开发技术实训', 2.0, 180, 'T001', '07'),
('4120367170', '顶岗实习', 4.0, 180, 'T001', '07'),
('4120369170', '软件工程基础', 2.5, 180, 'T001', '04'),
('4120275140', '软件工程基础实验', 1.0, 180, 'T001', '04'),
('4120175120', '软件设计与体系结构', 2.0, 180, 'T001', '04'),
('4120305130', '软件质量保证与测试', 2.0, 180, 'T001', '04'),
('4120044110', '可视化编程', 2.5, 180, 'T001', '05'),
('4120371170', '软件工程经济学', 2.0, 180, 'T001', '05'),
('4120377170', '软件工程实践1', 2.0, 180, 'T001', '07'),
('4120378170', '软件工程实践2', 3.0, 180, 'T001', '07'),
('4120118110', '大型软件工程项目实践', 3.0, 180, 'T001', '07'),
('4120316140', '软件企业认知实习', 2.0, 180, 'T001', '07'),
('4120388170', '软件系统设计与开发实践', 3.0, 180, 'T001', '07'),
('4120389170', '岗位实习', 6.0, 180, 'T001', '07'),
('4120306140', '数字传播概论', 2.0, 180, 'T001', '04'),
('4120282140', '数据库原理与传播应用', 2.0, 180, 'T001', '04'),
('4120284140', '网络技术与传播', 2.5, 180, 'T001', '04'),
('4120280140', '新媒体信息系统分析与设计', 3.0, 180, 'T001', '04'),
('4120017210', '数字出版技术', 2.5, 180, 'T001', '04'),
('4120382170', '新媒体设计技术', 2.0, 180, 'T001', '04'),
('9000000002', '物联网工程概论', 2.0, 180, 'T001', '04'),
('4120018210', '射频识别与传感器技术', 3.0, 180, 'T001', '04'),
('9000000003', '无线传感器网络', 2.0, 180, 'T001', '04'),
('4120297140', '无线传感器网络实验', 1.0, 180, 'T001', '04'),
('4120422180', '数据科学导论', 2.0, 180, 'T001', '04'),
('4120060210', '大数据原理与技术', 2.5, 180, 'T001', '04'),
('4120030210', '分布式并行计算', 2.0, 180, 'T001', '04'),
('4120034210', '人工智能导论', 2.0, 180, 'T001', '04'),
('4120012190', '自然语言处理', 2.0, 180, 'T001', '04'),
('4120021190', '深度学习', 2.0, 180, 'T001', '04'),
('9000000004', '形势与政策', 2.0, 180, 'T001', '08'),
('9000000005', '心理健康教育', 2.0, 180, 'T001', '08')
ON DUPLICATE KEY UPDATE course_name=VALUES(course_name), credit=VALUES(credit), max_students=VALUES(max_students), teacher_id=VALUES(teacher_id), type_code=VALUES(type_code);

-- 4) Re-assign teacher_id based on course_id last digit (stable mapping)
UPDATE course
SET teacher_id = CASE MOD(CAST(RIGHT(course_id, 1) AS UNSIGNED), 6)
  WHEN 0 THEN 'T001'
  WHEN 1 THEN 'T002'
  WHEN 2 THEN 'T003'
  WHEN 3 THEN 'T004'
  WHEN 4 THEN 'T005'
  WHEN 5 THEN 'T006'
END;

-- Summary: categories=8, courses_in_json=116, courses_inserted=116, courses_skipped=0, synthetic_ids_used=5
